MQ-3,MQ-4,MQ-135,Label
423,368,54,Ombre Nomad
429,374,51,Ombre Nomad
428,377,56,Ombre Nomad
432,383,53,Ombre Nomad
436,395,55,Ombre Nomad
430,390,55,Ombre Nomad
426,392,58,Ombre Nomad
425,396,60,Ombre Nomad
424,396,59,Ombre Nomad
423,397,59,Ombre Nomad
420,398,59,Ombre Nomad
416,394,60,Ombre Nomad
416,395,56,Ombre Nomad
412,392,55,Ombre Nomad
407,391,54,Ombre Nomad
400,390,57,Ombre Nomad
392,383,59,Ombre Nomad
390,388,57,Ombre Nomad
392,392,56,Ombre Nomad
394,395,57,Ombre Nomad
395,397,58,Ombre Nomad
395,398,58,Ombre Nomad
397,400,58,Ombre Nomad
396,399,59,Ombre Nomad
394,399,59,Ombre Nomad
393,400,59,Ombre Nomad
388,400,63,Ombre Nomad
383,402,63,Ombre Nomad
383,402,62,Ombre Nomad
378,395,59,Ombre Nomad
379,403,64,Ombre Nomad
377,408,66,Ombre Nomad
375,407,64,Ombre Nomad
377,407,65,Ombre Nomad
375,405,64,Ombre Nomad
376,405,64,Ombre Nomad
375,404,64,Ombre Nomad
376,404,64,Ombre Nomad
375,403,62,Ombre Nomad
372,401,63,Ombre Nomad
367,397,64,Ombre Nomad
364,398,62,Ombre Nomad
360,397,61,Ombre Nomad
356,395,60,Ombre Nomad
351,392,60,Ombre Nomad
353,396,63,Ombre Nomad
348,394,65,Ombre Nomad
353,397,65,Ombre Nomad
357,402,66,Ombre Nomad
361,404,67,Ombre Nomad
364,408,67,Ombre Nomad
365,411,67,Ombre Nomad
365,412,66,Ombre Nomad
365,412,68,Ombre Nomad
370,415,70,Ombre Nomad
366,404,64,Ombre Nomad
368,413,72,Ombre Nomad
370,413,72,Ombre Nomad
370,412,72,Ombre Nomad
364,417,70,Ombre Nomad
374,421,72,Ombre Nomad
368,416,72,Ombre Nomad
368,416,71,Ombre Nomad
368,415,71,Ombre Nomad
367,415,72,Ombre Nomad
366,414,72,Ombre Nomad
365,413,74,Ombre Nomad
365,413,74,Ombre Nomad
364,413,73,Ombre Nomad
364,414,73,Ombre Nomad
362,411,76,Ombre Nomad
363,413,73,Ombre Nomad
363,412,74,Ombre Nomad
363,419,75,Ombre Nomad
360,413,72,Ombre Nomad
361,420,72,Ombre Nomad
357,416,71,Ombre Nomad
356,418,72,Ombre Nomad
343,413,68,Ombre Nomad
354,417,71,Ombre Nomad
354,418,72,Ombre Nomad
355,420,72,Ombre Nomad
355,420,71,Ombre Nomad
355,418,71,Ombre Nomad
355,416,72,Ombre Nomad
352,414,71,Ombre Nomad
351,415,71,Ombre Nomad
348,412,72,Ombre Nomad
345,411,72,Ombre Nomad
344,412,72,Ombre Nomad
343,411,74,Ombre Nomad
342,412,73,Ombre Nomad
342,412,72,Ombre Nomad
340,409,75,Ombre Nomad
340,411,73,Ombre Nomad
340,410,74,Ombre Nomad
340,411,73,Ombre Nomad
341,415,73,Ombre Nomad
341,410,72,Ombre Nomad
340,408,72,Ombre Nomad
336,404,64,Ombre Nomad
337,408,71,Ombre Nomad
335,407,69,Ombre Nomad
334,405,70,Ombre Nomad
332,404,71,Ombre Nomad
332,404,70,Ombre Nomad
331,404,69,Ombre Nomad
329,404,69,Ombre Nomad
327,405,69,Ombre Nomad
327,404,69,Ombre Nomad
327,405,69,Ombre Nomad
328,406,69,Ombre Nomad
331,407,68,Ombre Nomad
332,407,68,Ombre Nomad
333,408,69,Ombre Nomad
334,409,69,Ombre Nomad
335,411,69,Ombre Nomad
335,410,70,Ombre Nomad
333,409,69,Ombre Nomad
332,412,70,Ombre Nomad
334,406,71,Ombre Nomad
337,410,72,Ombre Nomad
340,412,73,Ombre Nomad
340,418,72,Ombre Nomad
348,420,73,Ombre Nomad
347,412,73,Ombre Nomad
345,411,73,Ombre Nomad
344,411,72,Ombre Nomad
342,409,73,Ombre Nomad
342,409,73,Ombre Nomad
339,407,72,Ombre Nomad
337,406,71,Ombre Nomad
334,403,73,Ombre Nomad
332,403,71,Ombre Nomad
329,401,72,Ombre Nomad
327,400,71,Ombre Nomad
326,400,70,Ombre Nomad
323,399,68,Ombre Nomad
320,399,68,Ombre Nomad
318,405,68,Ombre Nomad
319,414,66,Ombre Nomad
320,415,67,Ombre Nomad
323,424,64,Ombre Nomad
324,425,67,Ombre Nomad
329,431,64,Ombre Nomad
334,434,65,Ombre Nomad
337,436,64,Ombre Nomad
340,441,63,Ombre Nomad
341,439,60,Ombre Nomad
349,448,63,Ombre Nomad
354,457,64,Ombre Nomad
358,453,63,Ombre Nomad
363,464,63,Ombre Nomad
367,471,64,Ombre Nomad
373,476,65,Ombre Nomad
380,485,64,Ombre Nomad
383,487,64,Ombre Nomad
379,487,62,Ombre Nomad
394,491,65,Ombre Nomad
397,494,64,Ombre Nomad
397,496,64,Ombre Nomad
400,497,64,Ombre Nomad
399,499,64,Ombre Nomad
397,496,64,Ombre Nomad
400,498,64,Ombre Nomad
402,498,64,Ombre Nomad
400,496,64,Ombre Nomad
400,492,63,Ombre Nomad
397,489,63,Ombre Nomad
394,486,63,Ombre Nomad
390,484,64,Ombre Nomad
383,478,55,Ombre Nomad
383,477,65,Ombre Nomad
380,477,67,Ombre Nomad
377,475,68,Ombre Nomad
383,476,68,Ombre Nomad
380,469,68,Ombre Nomad
379,468,67,Ombre Nomad
378,464,68,Ombre Nomad
372,463,67,Ombre Nomad
368,460,66,Ombre Nomad
366,458,67,Ombre Nomad
361,455,67,Ombre Nomad
358,455,66,Ombre Nomad
356,453,66,Ombre Nomad
353,452,66,Ombre Nomad
352,452,66,Ombre Nomad
352,454,68,Ombre Nomad
352,456,67,Ombre Nomad
350,452,69,Ombre Nomad
352,466,66,Ombre Nomad
354,476,66,Ombre Nomad
357,486,65,Ombre Nomad
359,491,67,Ombre Nomad
366,500,64,Ombre Nomad
372,505,64,Ombre Nomad
377,507,64,Ombre Nomad
379,506,65,Ombre Nomad
389,515,65,Ombre Nomad
383,507,64,Ombre Nomad
383,503,64,Ombre Nomad
383,497,64,Ombre Nomad
383,492,64,Ombre Nomad
380,487,64,Ombre Nomad
372,489,64,Ombre Nomad
374,479,67,Ombre Nomad
373,480,64,Ombre Nomad
372,478,64,Ombre Nomad
370,475,65,Ombre Nomad
369,475,64,Ombre Nomad
368,473,65,Ombre Nomad
367,473,65,Ombre Nomad
367,477,64,Ombre Nomad
366,479,64,Ombre Nomad
365,482,64,Ombre Nomad
365,484,64,Ombre Nomad
365,487,63,Ombre Nomad
365,488,63,Ombre Nomad
365,489,63,Ombre Nomad
365,491,63,Ombre Nomad
365,494,64,Ombre Nomad
370,509,63,Ombre Nomad
363,503,60,Ombre Nomad
366,496,58,Ombre Nomad
374,496,63,Ombre Nomad
375,504,60,Ombre Nomad
373,519,60,Ombre Nomad
372,524,60,Ombre Nomad
375,527,61,Ombre Nomad
380,526,60,Ombre Nomad
383,524,61,Ombre Nomad
380,526,60,Ombre Nomad
389,519,60,Ombre Nomad
388,518,60,Ombre Nomad
391,518,60,Ombre Nomad
383,515,61,Ombre Nomad
383,516,59,Ombre Nomad
382,511,60,Ombre Nomad
380,508,61,Ombre Nomad
380,508,59,Ombre Nomad
382,510,60,Ombre Nomad
376,505,59,Ombre Nomad
378,507,59,Ombre Nomad
371,501,58,Ombre Nomad
369,499,58,Ombre Nomad
367,500,58,Ombre Nomad
365,500,58,Ombre Nomad
363,498,59,Ombre Nomad
361,498,56,Ombre Nomad
360,497,57,Ombre Nomad
358,497,57,Ombre Nomad
358,496,56,Ombre Nomad
356,493,56,Ombre Nomad
356,494,56,Ombre Nomad
352,491,48,Ombre Nomad
353,494,55,Ombre Nomad
351,494,56,Ombre Nomad
350,494,56,Ombre Nomad
351,496,55,Ombre Nomad
350,495,56,Ombre Nomad
350,494,55,Ombre Nomad
350,494,54,Ombre Nomad
348,492,56,Ombre Nomad
350,493,56,Ombre Nomad
345,492,54,Ombre Nomad
343,491,53,Ombre Nomad
342,490,54,Ombre Nomad
340,487,55,Ombre Nomad
339,488,53,Ombre Nomad
339,492,53,Ombre Nomad
338,488,55,Ombre Nomad
338,484,56,Ombre Nomad
337,482,57,Ombre Nomad
336,479,57,Ombre Nomad
334,476,57,Ombre Nomad
332,473,57,Ombre Nomad
331,471,56,Ombre Nomad
328,468,56,Ombre Nomad
324,466,58,Ombre Nomad
321,467,56,Ombre Nomad
320,467,57,Ombre Nomad
323,477,57,Ombre Nomad
329,496,56,Ombre Nomad
341,505,57,Ombre Nomad
357,502,59,Ombre Nomad
367,498,60,Ombre Nomad
370,492,59,Ombre Nomad
370,487,60,Ombre Nomad
367,483,59,Ombre Nomad
362,479,58,Ombre Nomad
